{
  "hash": "7561ea36",
  "configHash": "443b9101",
  "lockfileHash": "4a15b79c",
  "browserHash": "48c8069c",
  "optimized": {
    "@angular/core": {
      "src": "../../../../../node_modules/@angular/core/fesm2022/core.mjs",
      "file": "@angular_core.js",
      "fileHash": "462b3bf7",
      "needsInterop": false
    },
    "@angular/platform-browser": {
      "src": "../../../../../node_modules/@angular/platform-browser/fesm2022/platform-browser.mjs",
      "file": "@angular_platform-browser.js",
      "fileHash": "464675fb",
      "needsInterop": false
    },
    "@angular/router": {
      "src": "../../../../../node_modules/@angular/router/fesm2022/router.mjs",
      "file": "@angular_router.js",
      "fileHash": "47555d90",
      "needsInterop": false
    }
  },
  "chunks": {
    "chunk-NKRQVUSQ": {
      "file": "chunk-NKRQVUSQ.js"
    },
    "chunk-QT62IOSF": {
      "file": "chunk-QT62IOSF.js"
    }
  }
}